file,/home/asweeten/snacc_test_recomb/unsimulated-yersinia/AAKT020000.fasta,/home/asweeten/snacc_test_recomb/unsimulated-yersinia/BX936398.fasta,/home/asweeten/snacc_test_recomb/unsimulated-yersinia/NC_003143.fasta,/home/asweeten/snacc_test_recomb/unsimulated-yersinia/NC_004088.fasta,/home/asweeten/snacc_test_recomb/unsimulated-yersinia/NC_005810.fasta,/home/asweeten/snacc_test_recomb/unsimulated-yersinia/NC_008149.fasta,/home/asweeten/snacc_test_recomb/unsimulated-yersinia/NC_008150.fasta,/home/asweeten/snacc_test_recomb/unsimulated-yersinia/NC_009381.fasta
/home/asweeten/snacc_test_recomb/unsimulated-yersinia/AAKT020000.fasta,0.0006068216315421927,0.6801843880294539,0.650948117574989,0.5022471363543047,0.5736080410462067,0.5744028454657809,0.5788121961254109,0.42391437878696686
/home/asweeten/snacc_test_recomb/unsimulated-yersinia/BX936398.fasta,0.6801843880294539,0.0006089872873903757,0.3721621471746243,0.4443696056716276,0.48454741670619816,0.4753950761277858,0.5112192570505867,0.9728945859847602
/home/asweeten/snacc_test_recomb/unsimulated-yersinia/NC_003143.fasta,0.650948117574989,0.3721621471746243,0.0006074333806824241,0.7126763327062778,0.46053005387558704,0.5865963681967674,0.3844268413890773,0.6305875126370885
/home/asweeten/snacc_test_recomb/unsimulated-yersinia/NC_004088.fasta,0.5022471363543047,0.4443696056716276,0.7126763327062778,0.0006079211084197937,0.4252148691241915,0.382195855946876,0.7385035198090881,0.5737220919739734
/home/asweeten/snacc_test_recomb/unsimulated-yersinia/NC_005810.fasta,0.5736080410462067,0.48454741670619816,0.46053005387558704,0.4252148691241915,0.0006061018268287875,0.36922965663126195,0.493580208891615,0.5236237657347564
/home/asweeten/snacc_test_recomb/unsimulated-yersinia/NC_008149.fasta,0.5744028454657809,0.4753950761277858,0.5865963681967674,0.382195855946876,0.36922965663126195,0.0006089871364668009,0.5813797238694071,0.5392742746804109
/home/asweeten/snacc_test_recomb/unsimulated-yersinia/NC_008150.fasta,0.5788121961254109,0.5112192570505867,0.3844268413890773,0.7385035198090881,0.493580208891615,0.5813797238694071,0.0006193969310602613,0.5013570814704827
/home/asweeten/snacc_test_recomb/unsimulated-yersinia/NC_009381.fasta,0.42391437878696686,0.9728945859847602,0.6305875126370885,0.5737220919739734,0.5236237657347564,0.5392742746804109,0.5013570814704827,0.0005968164553814259
